{
  "high_confidence_pct": 0.0,
  "medium_confidence_pct": 0.0,
  "low_confidence_pct": 0.085,
  "expected_roi": 45.11469838572666,
  "historical_win_rate": 0.6586538461538461
}