,ats_accuracy,mae,rmse,correlation
elo,0.6406926406926406,11.556309609965487,14.699284378227565,0.35743642224947514
neural_network,0.6493506493506493,11.731395030689935,15.562282003709527,0.23814259719891623
xgboost,0.658008658008658,11.361192619436101,14.3123207016148,0.3572426774038725
ensemble,0.6536796536796536,11.354942997804185,14.47689323509907,0.3405288446775198
