HOME_TEAM,AWAY_TEAM,GAME_TIME,ELO_PREDICTION,NN_PREDICTION,XGB_PREDICTION,ENSEMBLE_PREDICTION
Orlando Magic,New York Knicks,5:00 pm ET,6.134496750590952,4.457003568149378,8.443371,6.47092385950417
New Orleans Pelicans,Atlanta Hawks,7:00 pm ET,16.2753498612809,12.581908765410802,6.536884,11.087259017939957
Chicago Bulls,Washington Wizards,8:00 pm ET,3.1383235353846883,1.2817314730078628,-2.232128,0.34033572552120805
Milwaukee Bucks,Detroit Pistons,8:00 pm ET,6.86595279608463,1.8727892671632622,5.243967,4.469551312721781
Dallas Mavericks,Memphis Grizzlies,8:30 pm ET,3.9790146953552266,3.7528652983336603,0.18490416,2.382218195972091
Denver Nuggets,Sacramento Kings,10:00 pm ET,21.19662665077907,15.167314560611622,11.844744,15.345614154996483
