HOME_TEAM,AWAY_TEAM,GAME_TIME,ELO_PREDICTION,NN_PREDICTION,XGB_PREDICTION,ENSEMBLE_PREDICTION
Philadelphia 76ers,Miami Heat,1:00 pm ET,15.4926506141351,13.134692883373235,8.783229,11.98359676008074
Atlanta Hawks,Charlotte Hornets,6:00 pm ET,-6.633512256812128,-3.958281153013567,-3.6371934,-4.498653844314177
Boston Celtics,Orlando Magic,6:00 pm ET,14.233998697674942,9.995512868319388,6.145141,9.514985628220657
Toronto Raptors,Brooklyn Nets,6:00 pm ET,4.185377550469894,0.15735925019547592,-4.4544477,-0.680359044850426
Oklahoma City Thunder,Portland Trail Blazers,7:00 pm ET,11.992534716840163,9.75160550816405,6.156595,8.87383374679219
Phoenix Suns,San Antonio Spurs,8:00 pm ET,17.593866273921158,11.854328038250504,12.247085,13.446315133546433
Utah Jazz,Los Angeles Lakers,8:00 pm ET,-12.413228658240442,-5.871025359128423,-6.3074,-7.681126226259697
